id,area,scenario,required,status,evidence
FR-01,installer,clean profile install,true,UNVERIFIED,
FR-02,privacy,local-only setup with network disabled,true,UNVERIFIED,
FR-03,hardware,device scan and recommendation explanation,true,UNVERIFIED,
FR-04,models,optional pack download cancellation,true,UNVERIFIED,
FR-05,models,hash mismatch fails closed,true,UNVERIFIED,
FR-06,models,exact model qualification and role assignment,true,UNVERIFIED,
FR-07,providers,invalid credential remains degraded,true,UNVERIFIED,
FR-08,providers,exact provider-model identity persists,true,UNVERIFIED,
FR-09,repositories,selected GitHub/local repo import,true,UNVERIFIED,
FR-10,migration,conversation export parsed without auto-memory,true,UNVERIFIED,
FR-11,migration,candidate memories reviewed with provenance,true,UNVERIFIED,
FR-12,workflow,relevant skills/workflows selected and explained,true,UNVERIFIED,
FR-13,resident,first useful conversation on selected route,true,UNVERIFIED,
FR-14,authority,governed action requires correct approval,true,UNVERIFIED,
FR-15,restart,project/model/provider/context state recovers,true,UNVERIFIED,
FR-16,degraded,removed model remains visible unavailable target,true,UNVERIFIED,
FR-17,offline,first run works with bundled/imported local asset,false,UNVERIFIED,
FR-18,uninstall,user data retention/removal choice behaves as stated,true,UNVERIFIED,
