"THREAT","ASSET","TRUST BOUNDARY","ATTACK PATH","EXISTING CONTROL","GAP","OWNER","FIX","NEGATIVE TEST","EVIDENCE","STATUS"
"S01 Operator impersonation","Operator identity/grants","Operator to Authority","Forged/replayed session, UI or model selfapproval","execution-authority.mjs private handles, paired origin, TTL and durable audit","New workstation/capture paths and compromised-renderer decision boundary unproved","Authority + Packaging; UI projects state","Reuse authenticated single-use exact-effect decisions; independent recovery path","Forge operator actor, replay decision and approve from worker/voice; all deny without effect","Source ca8527e: execution-authority.mjs; required runtime denial receipts","UNVERIFIED"
"S02 Resident confused deputy","Cipher principal","Resident to privileged adapter","Resident borrows operator/worker/app credential or serialized actor","Authority recognized handle identity; Resident records are separate","Dedicated ResidentID-to-actor enrollment/role aperture unproved","Platform/Authority + Resident owner","Bind explicit ResidentID/project/task to unique authenticated existing actor handle; least privilege","Same payload from Resident/worker/app cannot borrow operator grant; forged ResidentID denies","Authority source; new enrollment and effect-boundary evidence required","OPEN"
"S03 Worker grant escalation","Worker/task","Worker to orchestrated effect","Worker changes target or inherits another task grant","Agent tool/Authority kinds and handles exist","End-to-end task/project/revision aperture needs full edge audit","Orchestrator/Authority","Exact immutable task/scope/grant/context binding; recheck before effect","Worker changes root/target or asks authority.grant; no effect","Existing authority source; task-bound negatives required","UNVERIFIED"
"S04 Context exfiltration","Context Control","Source owner to model route","Foreign source handle, screenshots or hostile metadata gain context","S1 ContextManifest source/recipient records; CCE owners exist","Actual app retrieval/recipient/redaction/leases and receipts unwired","Context Control + Platform","Intersect live source grants/project/recipient/egress and revoke leases","Project B/source handle injected into A; deny or redact before prompt/egress","S1 CONTEXTMANIFEST: partial; actual composed-context receipt required","OPEN"
"S05 Poisoned continuity","Resident memory","Retrieved note to accepted fact","Model note or stale checkpoint overrides trusted state","Existing scoped memory/journal services","Trust classes/provenance/retention integration needs proof","Context Control/memory","Separate operator statements/facts/model notes/evidence; lifecycle deletion policy","Poison note requests secret upload or restores stale PASS; ignore authority claim","Current memory owners; provenance/deletion runtime evidence required","UNVERIFIED"
"S06 Credential exposure","Credential material","Protected store to adapter","Secrets reach UI/prompt/log/argv/event or shared cache after rotation","secret-store.mjs and credentials.ts use DPAPI; redaction helper exists","Two consumers/cache lifecycle; plaintext opt-in flag; corruption catch needs audit","Credentials/provider owner","Resolve purpose-bound handles at effect; production plaintext refusal; generation invalidation and atomic safe recovery","Secret canary across UI/events/prompts/logs; rotate/delete during stream; corrupt store cannot silently become healthy","Source DPAPI + AIDE_ALLOW_PLAINTEXT_SECRETS; secret-canary/recovery evidence required","OPEN"
"S07 Host-path escape","Project files","Root binding to filesystem","Traversal, symlink/junction swap, same-name replacement or TOCTOU","Root-bound services and S1 source-reference contracts","Real path/object identity, junction and race proof incomplete","Filesystem/project owner","Canonical root/checkout revision and operation-time object checks; scoped host access","Traversal plus junction replacement between approval/read/write; outside sentinel unchanged","Existing root service audit; Windows junction/race evidence required","UNVERIFIED"
"S08 Shell authority understated","Terminal/session","Approved session to host shell","Read-output grant used to type/start shell; arbitrary host reach hidden","Real terminal session approval and authenticated WS source","Session reach/child ownership/new-window binding unproved","Terminal + Authority; UI disclosure","Explicit session principal/shell/CWD/project/generation; read/write/create grants separate","Reader cannot send input; A cannot attach B; granted shell reach accurately disclosed","terminal.ts and shared WS source; real session negatives required","UNVERIFIED"
"S09 Foreign process termination","Owned processes","Control to OS process","PID reuse, same name, listener substitution or untracked descendant","owned-process.mjs retains actual ChildProcess handle, epoch and observed-exit outcomes","Complete descendants/native ownership across terminal/runtime lanes unproved","Runtime/DeepSeek + Terminal + Packaging","Retain native/generation ownership; bounded descendant containment; UNKNOWN refuses adopt/kill","Reused PID, foreign same-name process and child survivor; foreign stays alive, survivors reported","owned-process.mjs source; Windows generation/tree/exit evidence required","OPEN"
"S10 Localhost permission widens network","Plugin egress","Declared loopback capability to process network","network.localhost translates to unrestricted --allow-net","plugins/manager.mjs maps exactly that flag and ID Boolean trust","Source-confirmed scope widening; no exact endpoint process isolation","Plugin/platform owner + egress owner","Refuse that executable capability until exact host/port mediated route/isolation proven; keep third-party execution disabled","Loopback-only plugin tries off-host direct/redirect/DNS/retry path; zero off-scope effect","Source plugins/manager.mjs GRANTS; no live exploit asserted; effect-boundary test needed","OPEN_SOURCE_GAP"
"S11 Endpoint/redirect substitution","Network route","Approved origin to connected destination","DNS rebinding/redirect/retry changes peer or leaks credential","Authority external-egress gate, routing preference, S1 origin records","Connection-time destination/redirect/retry/credential-purpose enforcement needs proof","Provider/egress adapters","Bind route revision/origin/resolved peer; revalidate redirects/retries; revoke changed destination","Approved destination redirects to unapproved peer; no data/key reaches it","Authority + S1 APP_CONTRACT; measured destination-denial receipts required","UNVERIFIED"
"S12 Provider false result","Provider data/account","Remote response to local task/evidence","Malformed stream/tool response, rejected auth, silent fallback","Provider connection owner and rejection/revocation convergence slice","Real cross-provider failures and completion/cancel effects unverified","Provider owner + Orchestrator","Treat responses as data; validate bounds; revoke eligibility and preserve uncertain effects","Provider emits tool approval/PASS or disconnects after side effect; no forged verdict/fallback","Published W5 fixture evidence only; live route proof still required","UNVERIFIED"
"S13 Model artifact substitution","Model weights","Registered digest to runtime load","Artifact swapped after qualification or during startup","Broker pins artifact/hash/profile; PR41 candidate has additional checks","Other supported artifacts/routes and final use boundary not universally proved","Model Manager + Runtime/DeepSeek","Bind artifact digest/runtime passport/profile to admitted start; invalidate on change","Swap same filename/bytes during load; no READY or inference on changed identity","broker-model-runtime.ts; exact-artifact failure evidence required","UNVERIFIED"
"S14 Runtime executable/listener substitution","Runtime/IPC","Trusted adapter to launched executable/endpoint","Foreign listener impersonates model; executable changes after verification","Runtime ownership/readiness services; experimental PR41 separate","Complete exact binary/build/endpoint ownership and integrity chain incomplete","Runtime/DeepSeek + Packaging","Verified executable/install identity and listener ownership; unknown refuses readiness","Start foreign same-port server or replace executable; no adoption, no false READY","Existing runtime source; Windows host proof blocked","BLOCKED_HOST"
"S15 App enrollment/lifecycle bypass","First-party apps","Installed record to effect","Valid manifest parser mistaken for executable admission","S1 records/digests/principals/snapshots implemented","Actor enrollment/live grants/context/lifecycle/registry enforcement unwired","Platform/App contracts + Authority","Wire trusted installed-instance revision to authenticated actor, exact scopes, lifecycle transactions","Valid schema without enrolled actor/grant cannot execute; update cannot reuse old grant","S1 IMPLEMENTATION_STATUS partial; integrated receipt/denial evidence required","OPEN"
"S16 Malicious plugin code","Extensions","Untrusted code to trusted daemon/host","Permission flags treated as a hostile-code sandbox; ID trust reused","Legacy Node permission helper and safe lexical entry check","Malicious code isolation absent; ID Boolean does not bind digest; symlink/child-process implications","Plugin/platform + Packaging","Disable untrusted execution; passive contributions allowlisted; prove OS isolation before broad ecosystem","Tampered same-ID package, symlink entry and malicious child; no privileged host execution","plugins/manager.mjs source + Node security limitations; isolated-runtime proof absent","OPEN"
"S17 Tampered update","Updates/install","Publisher trust to new installed identity","Same display name inherits grants; rollback/migration tampered","S1 manifest/artifact identities and update records","Publisher authenticity/key lifecycle/rollback/migration transactions not live","Packaging/update + Platform","Trusted origin/signature where defined, digest/install/previous identity, revalidation/fresh grants","Changed artifact/manifest, downgrade or unsigned update keeps old name; no trust inheritance","S1 APP_CONTRACT; packaging verification and rollback evidence required","OPEN"
"S18 Hostile avatar asset","Buddy assets","Passive bytes to decoder/UI","Huge decoded pack, remote URL, script hook, malicious path or spoofed state","Proposed passive-pack contract; no proved Buddy engine","Bounded decode/import and safe state mapping not implemented","Workstation/UI; Packaging for asset origin","Built-in digest-bound passive assets, finite dimensions/frames/bytes, no code/remote hooks","Oversized/archive escape/script/remote asset; reject without execution/egress or memory exhaustion","Buddy contract only; asset-validation/runtime evidence required","UNVERIFIED"
"S19 Audio authority/continued capture","Voice/audio","Device/content to trusted operator action","Voice spoof/selfapproval, late capture callback after stop","Proposed explicit modes and independent controls","Actual route cancellation/generation/device ownership unproved","Audio adapter + UI + Authority","Separate capture/STT/TTS/egress; invalidate generations, stop tracks/requests/output; visible actual state","Buddy Off/lock/restart/device loss during STT; no new samples/callback effects; recorded voice cannot grant","Buddy contract; actual device/route and external-destination proof required","UNVERIFIED"
"S20 Vision overreach","Vision/images","Attachment scope to model route","Screenshot leaks secrets, content grants itself or ambient screen scan","Purposeful attachment contract; desktop scopes separate","Selected-source/capture/redaction/egress enforcement needs proof","Vision/Context Control + UI","Explicit bounded capture/attachment source and route consent; structured state preferred","Image instructs upload/approval or unrelated window included; no authority escalation/data leak","Contracts; actual capture/context/denial receipts required","UNVERIFIED"
"S21 Event audience leak/forgery","Events/evidence","Producer to subscriber","Unaudienced broadcast leaks context; app spoofs source; schema pass equals persisted","EventHub validates channel schema/auth; optional audience predicate","Mandatory producer identity/recipient scope and durability semantics incomplete","Events + Platform + evidence owner","Mandatory scoped audience for sensitive events; authenticated source; distinct accepted/delivered/persisted receipts","A subscribes B; forged producer; persist failure; no leak or false durable success","node/src/events.ts publish optional audience; S1 event wiring partial","OPEN"
"S22 False verification/security PASS","Veritas verdict","Task result to trusted evidence","Fixture/skip/malformed report/stale SHA or exit zero promoted","Veritas owner, separate S2 strict legacy refusal candidate","Trusted verifier/source binding and publication receipt integration incomplete","Veritas/Ghost S2 owner","Required gates and independent source/artifact-bound receipts; preserve skips/fails/blockers","Forged PASS, wrong SHA, skipped gate, modified evidence or provider asserted success; never trusted PASS","S2 paused source 9baa711; not accepted verifier/runtime proof","OPEN"
"S23 Package/host boundary failure","Desktop/bootstrap","Renderer and same-user OS to trusted services","Exposed IPC, injection, tampered bootstrap or host malware","Existing Tauri host/bootstrap and private Authority composition","Current packaging source/native allowlist/CSP/update/runtime assurance unavailable","Packaging; UI cooperation","Least exposed host/IPC surface, local assets/CSP, trusted update/bootstrap and independent recovery","Hostile renderer invokes undeclared command; tampered package; no delegated elevation","Desktop source inventory only; packaging exact-artifact evidence blocked","BLOCKED_HOST"
"S24 Restart replay","Recovery/state","Stored presentation to live privilege","Saved grant/RUNNING/mic/verification replay or corrupt ledger rolls back revoke","Existing session owners/Authority transient handles; proposed restore separation","Crash-boundary permit/effect/journal reconciliation not fully proved","Authority + storage + UI + Packaging","Restore intent; fresh owner truth; single-use effect recovery; default capture off, no privilege replay","Crash after grant before effect or after effect before receipt; no duplicate/replay/misreport","Source contracts; kill/restart exact-scope evidence required","UNVERIFIED"
"S25 Project-switch cross-contamination","Projects/background tasks","Foreground project to task/grant/context","Global mutable workspace retargets task; stale callback lands in B","Project identity design, root-bound services, current view store","Per-project addressing/revisions/context/grant/background ownership not fully wired","Workspace/platform + Orchestrator + Context Control + UI","Immutable task-origin identity and project generations; reject stale callbacks","Start in A, switch B, revoke A, receive late worker result; no B effects/context/approval","Capability review identifies gap; integrated A/B test receipts required","OPEN"
"S26 Containment falsely succeeds","Containment/panic","Deterministic control to all affected owners","UI says contained after only request or pending-grant revoke; capture/stream survives","desktop.panic revokes pending, owned-process outcomes include unconfirmed","No proved whole-workstation aggregate admission/egress/capture/task stop","Authority supervisor + owner adapters; UI projects outcomes","Freeze new admission synchronously then revoke/stop each owned subsystem; observe per-target results and preserve evidence","One adapter hangs/fails while Cipher offline; other stops proceed; partial not success; editor safe","desktop-control/owned-process source; whole-workstation proof absent","OPEN"
"S27 Integrity detector self-trust","Sentinel function","Trusted installation basis to integrity decision","Watcher or expected digest substituted; model selfclears finding; TOCTOU","Existing artifact/hash/ownership checks in separate owners","Authenticated expected basis/use-time checks/containment integration incomplete","Platform integrity coordinator + Packaging + Runtime","Reuse deterministic owner checks; versioned trusted baseline; startup/update/admission checks; no parallel policy store","Replace both file and untrusted sidecar hash; model claims safe; preserve finding/refuse new use","Existing digests are integrity data not publisher authentication; tests required","OPEN"
"S28 Resource/audit denial-of-service","Control plane/evidence","Untrusted payloads to bounded services","Huge outputs/event floods fill memory/disk and hide or bypass denial","Authority capacity limit/audit-required behavior; proposed bounded UI","End-to-end limits/rate control/evidence-pressure recovery unproved","Authority/events/storage + Terminal + UI","Bound input/output/queues/disk handling; audit failure denies privileged effects; deterministic emergency path","Flood event/output or fill evidence store while approval pending; no fail-open; recover safely","Authority room/required source; pressure and cleanup runtime evidence required","UNVERIFIED"
