"ID","THREAT","ASSET","TRUST BOUNDARY","ATTACK PATH","EXISTING CONTROL","GAP","OWNER","REQUIRED CONTRACT","IMPLEMENTATION","NEGATIVE TEST","EVIDENCE","STATUS"
"S01","Operator impersonation","Operator identity","Operator to Authority","Forged/replayed UI or model approval","Paired actor handles and exact-operation decisions","Compromised-renderer and new modality decision paths unproved","Authority / Packaging","Exact authenticated single-use effect decisions; independent recovery","Existing decisions retained; terminal harness uses canonical terminal kinds only","Forge actor; replay decision; voice/worker self-approval denies","Canonical terminal route negatives; broad renderer/modality proof absent","UNVERIFIED"
"S02","Resident confused deputy","Resident principal","Resident to privileged adapters","Resident borrows operator/worker/app grant","Resident records separate from Authority","Dedicated Resident actor enrollment unproved","Resident / Platform / Authority","Bind ResidentID/project/task to authenticated least-privilege actor","No new Resident privilege or identity implemented in this slice","Forged ResidentID or borrowed task grant produces no effect","Enrollment/runtime evidence still required","OPEN"
"S03","Worker grant escalation","Worker/task","Worker to orchestrated effect","Worker retargets or inherits another task grant","Existing AgentLoop and exact-operation controls retained","Full task/project/revision aperture audit incomplete","Orchestrator / Authority","Immutable task/scope/context/grant binding rechecked at effect","AgentLoop presentation preserved; no UI policy store","Change root/target or request authority.grant; deny effect","Native editor/AgentLoop fixture regression; broad aperture audit pending","UNVERIFIED"
"S04","Context exfiltration","Context Control","Source owner to recipient route","Foreign source/screenshot/metadata gains context","Existing context owners and foundation records","Actual app retrieval/recipient/redaction/leases unwired","Context Control / Platform","Intersect source grants/project/recipient/egress; revoke leases","Drop/context activation remains pending","Inject project B source into A; deny/redact before egress","Foundation records are not composed-context effect receipts","OPEN"
"S05","Poisoned continuity","Resident memory","Retrieved note to accepted fact","Model note or stale checkpoint becomes trusted state","Existing memory/journal owners","Trust classes/provenance/retention proof incomplete","Context Control / Memory","Separate operator statements/facts/model notes/evidence; explicit deletion","No UI replacement memory store","Poison note requests upload or restores stale PASS; no authority effect","Memory provenance/deletion qualification pending","UNVERIFIED"
"S06","Credential exposure","Credentials","Protected store to adapter","Secret leaks through UI/prompt/log/event/cache","Historical DPAPI/secret-store controls","Consumers/cache/rotation/corruption lifecycle not freshly qualified","Credentials / Provider","Purpose-bound handles; generation invalidation; atomic recovery; no production plaintext","Credentials remain canonical; not in layouts or terminal display bindings","Secret canary; rotate/delete during stream; corrupt store cannot become healthy","No new secret canary or packaged credential proof","OPEN"
"S07","Host-path escape","Project files","Root binding to filesystem","Traversal/junction/symlink/TOCTOU","Existing root-bound services retained","Object identity and Windows race proof incomplete","Filesystem / Project","Canonical root/revision and operation-time object checks","Editor/file owner preserved","Junction swap during approval/read/write; outside sentinel unchanged","Fresh native path/race evidence pending","UNVERIFIED"
"S08","Terminal authority / replay","Terminal sessions","Approved service session to host PTY","Foreign binding/read/control; replay generates live input","Canonical Authority and session ownership retained","Broader principal/shell-reach/descendant qualification remains","Terminal / Authority / Workstation UI","Separate display instance/session/principal; confirm controls; historical output is display only","Distinct bounded bindings; owner-checked HTTP snapshots; offset dedupe; replay stdin/parser gate; persistent REFRESH","Duplicate/foreign attach; preapproval control; former-owner read; overlapping replay; delayed parser replies; disposed callbacks","66 focused tests incl real Authority/server with FakePty; 3 browser journeys incl two real native PTYs at 56c977b","PARTIAL_NATIVE_PATH"
"S09","Foreign process termination","Owned processes","Control to OS process","PID reuse or untracked child causes foreign termination","Canonical service ownership retained","Complete native generations/descendants unproved","Runtime / Terminal / Packaging","Retain native generation ownership; bounded descendant containment; UNKNOWN refuses adopt/kill","No foreign process termination performed","Reused PID/foreign listener/child survivor; foreign stays alive","Native STOP journey is not descendant containment proof","OPEN"
"S10","Localhost network widening","Plugin egress","Declared loopback to process network","Loopback maps to unrestricted network permission","Prior plugin source finding","Reported localhost-to-allow-net widening not closed or freshly composed","Plugin / Egress / Platform","Exact endpoint mediation/isolation before untrusted executable activation","No new third-party executable activation","Loopback-only contribution tries redirect/DNS/off-host retry; deny","Historical source finding; live exploit/closure not asserted","OPEN_SOURCE_FINDING"
"S11","Destination substitution","Network routes","Approved destination to connected peer","Redirect/retry/DNS changes peer or leaks key","Existing egress/route owners","Connection-time peer/credential-purpose enforcement needs proof","Provider / Egress","Bind route revision/origin/peer; revalidate retries/redirects","No new cloud route activated","Approved endpoint redirects to unapproved peer; no data/key egress","Measured peer-denial receipts pending","UNVERIFIED"
"S12","False provider result","Provider response/account","Remote response to task/evidence","Malformed response or disconnect creates false success","Canonical provider/task owners retained","Cross-provider cancellation/failure effects unproved","Provider / Orchestrator","Validate bounded data; preserve uncertain effects; no silent fallback","AI-unavailable statuses remain truthful in fixture","Provider emits approval/PASS or disconnects after effect; no forged verdict","Provider fixture evidence is not live route qualification","UNVERIFIED"
"S13","Model artifact substitution","Weights","Registered digest to runtime load","Artifact swaps after qualification","Existing broker/artifact owners","Use-boundary proof across supported routes incomplete","Model Manager / Runtime","Bind digest/runtime passport/profile at admitted start","No model load/download added","Swap same filename during load; no READY/inference","Actual artifact effect proof pending","UNVERIFIED"
"S14","Executable/listener substitution","Runtime / IPC","Trusted adapter to binary/endpoint","Foreign listener or changed executable impersonates runtime","Packaging descendant and runtime ownership retained","Exact binary/build/listener chain incomplete","Runtime / Packaging","Verified executable/install identity and owned listener; unknown refuses readiness","Windows source access restored; no stale-host blocker","Foreign same-port server/replaced binary; no adoption/false READY","Adversarial host qualification NOT RUN","UNVERIFIED"
"S15","App lifecycle bypass","First-party applications","Installed record to effect","Schema-valid manifest mistaken for executable admission","Existing registry and foundation contract records","Actor enrollment/live grants/context/lifecycle enforcement unwired","Platform / App Contracts / Authority","Bind installed-instance revision to authenticated actor and lifecycle transaction","Window registry remains presentation; not execution authority","Valid schema without actor/grant cannot execute; update cannot reuse trust","Mounted first-party views do not qualify app principals","OPEN"
"S16","Malicious extension code","Extensions","Untrusted code to daemon/host","Permission flag or same-ID trust treated as sandbox","Legacy plugin controls; passive contribution design","Hostile-code isolation absent","Plugin / Platform / Packaging","Passive allowlisted contributions; real isolation before broad execution","No third-party executable surface enabled","Tampered same-ID artifact/symlink/malicious child; no privileged execution","Isolation/effect proof absent; historical source is not sandbox acceptance","OPEN"
"S17","Tampered update / vulnerable dependency","Updates / dependencies","Publisher/install basis to platform target","Tampered identity or inherited vulnerable dependency","Existing identity/update records; locked offline target graphs","glib 0.18.5 advisory remains open; actual package features/SBOM not qualified","Packaging / Update / Platform","Revalidate update identity/grants and exact-target dependency graph; non-Windows remediation plan","No Cargo source/lockfile or package trust changed; observed Windows default-feature graph excludes glib","Tampered same-name update cannot inherit trust; actual packaged SBOM must match tested target/features","Authenticated alert 1 GHSA-wrw7-89jp-8q8g; all-target GTK/WebKit path and no Windows default-feature inverse path; not overall PASS","OPEN_PLATFORM_DEPENDENCY"
"S18","Hostile Buddy asset","Buddy assets","Passive asset to decoder/presence UI","Huge/remote/scripted asset spoofs state or exhausts memory","Shared presence foundation tests","Production presence/asset decode/import not qualified","Workstation UI / Packaging","Bounded built-in passive assets; no executable/remote hooks; owner-sourced facts","Scout/Rook/Mutt/Tinker remain unmounted foundation","Oversized/archive escape/script/remote asset denied; no fake operational fact","Foundation proof only; mounted runtime/asset acceptance absent","UNVERIFIED"
"S19","Audio authority / continued capture","Voice/audio","Device/content to operator action","Voice spoof; late callback after stop","Generation-correlated media teardown foundation","Actual device/route/cancel/egress proof incomplete","Audio / UI / Authority","Separate capture/STT/TTS/egress; stop tracks/requests/output; no voice grants","Continuous listening not enabled","Off/lock/restart/device loss; no late samples/effects; recording cannot grant","Foundation tests are not actual device shutdown receipts","UNVERIFIED"
"S20","Vision overreach","Images / vision","Attachment scope to model route","Unrelated screen/secret capture or injected approval","Purposeful attachment/context design","Capture/redaction/recipient/egress not qualified","Vision / Context Control / UI","Explicit bounded source/route consent; structured state preferred","No ambient capture activated","Hostile image instructs upload/grant or unrelated window included; deny","Actual capture/denial receipts pending","UNVERIFIED"
"S21","Event audience / recovery","Events","Producer to subscriber","Foreign audience leak/forged producer/false durability","Authenticated EventHub and canonical terminal audience","General mandatory audience/producer/durability contract incomplete","Events / Platform / Evidence","Scoped audience/source; accepted/delivered/persisted distinctions","Authenticated subscription ACK orders terminal recovery; disposal guarded","A subscribes B; forged producer; ACK before auth; callback after disposal; persistence fails","Focused EventBus/controller/route tests pass; general event contract remains open","PARTIAL_TERMINAL_PATH"
"S22","False verification PASS","Veritas/Ghost evidence","Task result to trusted verdict","Fixture/skip/stale SHA/forged report promoted","Canonical verifier retained","Source/artifact-bound publication receipts incomplete","Veritas / Ghost","Independent required gates and authenticated receipts; preserve skips/fails/blockers","Checkpoint explicitly distinguishes fixtures/native/blocked/untested","Wrong SHA/skipped gate/provider PASS/modified evidence never becomes trusted PASS","No complete Veritas/Ghost or packaged verdict asserted","OPEN"
"S23","Renderer / package boundary","Desktop/bootstrap","Renderer/OS to privileged service","Exposed IPC/injection/tampered bootstrap","Six clean packaging commits inherited","Native allowlist/CSP/update/runtime composition unproved","Packaging / UI","Least-exposed IPC/local assets/CSP/trusted bootstrap and recovery","Packaging original unchanged; browser build qualified only","Hostile renderer invokes undeclared command; tampered package; no elevation","Browser/native-PTY fixture is not packaged Tauri security acceptance","UNVERIFIED"
"S24","Restart/replay resurrection","Recovery / state","Stored presentation to privilege","Saved RUNNING/grant/media state or parser reply replays effect","Canonical transient Authority/session owners","Process restart/lock/sleep/effect journal not proved","Authority / Storage / UI / Packaging","Restore intent; recheck owner truth; no grant/capture replay; reconcile effect receipts","Layout only stores presentation; browser reload governed reattach; parser replay gated","Late parse/disposal; browser reload requires new pairing/resume; crash-boundary no duplicate effect","Native browser reload journey passes; process restart/lock/sleep remain unqualified","PARTIAL_BROWSER_RELOAD"
"S25","Project-switch contamination","Projects/background work","Foreground project to task/context/grant","Global mutable workspace retargets work or late callback","Root-bound owners and scoped foundation design","Full project addressing/revision/leases/background identity not integrated","Workspace / Orchestrator / Context Control","Immutable task origin and project generation; reject stale callbacks","No global project owner duplicated in window manager","Start in A/switch B/revoke A/late result; no B effect or context","Multi-project composed effect proof pending","OPEN"
"S26","False containment","Panic / recovery","Deterministic control to affected owners","UI says contained after request while stream/capture survives","Existing pending-grant revoke and owned outcomes","Whole-workstation aggregate containment not proved","Authority Supervisor / Owner Adapters / UI","Freeze admission; revoke/stop each owner; observe per-target outcomes","No cosmetic containment claim or Cipher trust authority","Hung adapter while Cipher offline; others stop; partial remains partial","Aggregate effect/stop proof absent","OPEN"
"S27","Integrity self-trust","Integrity basis","Trusted install basis to finding","Watcher/sidecar baseline substituted; model self-clears","Existing owner digests/ownership checks","Authenticated expected basis/use-time containment incomplete","Integrity / Packaging / Runtime","Trusted versioned baseline; startup/update/admission checks; deterministic findings","No parallel UI policy/hash trust store","Replace file and untrusted sidecar; model claims safe; finding persists","Integrity data alone is not publisher authenticity proof","OPEN"
"S28","Resource / audit denial","Control plane / evidence","Untrusted payload to bounded owners","Output/event/disk flood bypasses denial or exhausts memory","Canonical admission/audit limits plus bounded slice UI","Whole event/disk/rate/pressure behavior and idle budget unproved","Authority / Events / Storage / Terminal / UI","Bound payload/queues/disk; audit failure denies effects; deterministic recovery","8 frames; 5000-line scrollback; bounded snapshots/projection; three-attempt recovery; coalesced fit; stopped replay cleared","Flood output/events or fill evidence store; no fail-open; safe recovery","66 focused tests; 205.71 MiB diagnostic test-tree peak; native pipeline 1763.52 MiB; neither is idle-product or containment proof","PARTIAL_BOUNDS"

"S29","False WSL execution / unsafe backend recovery","Interactive WSL / native lifecycle","Selected runtime to native PTY backend","Installed/RUNNING mistaken for responsive execution; silent backend substitution","Canonical Authority/session owner retained; exact distro and host/guest cwd","Bundled ConPTY interactive WSL fails; system backend forced shutdown/containment unproved","Runtime / Terminal / Packaging; Workstation tracks closure","Explicit backend identity and qualification; no fallback; observed own-child cleanup with foreign-process preservation","UTF-16LE and lifecycle repaired; no production backend swap; regression remains failing","Unknown distro or backend tamper denies; hung guest or foreign child cannot produce fake clean shutdown","WSL_RUNTIME_HANDOFF_20261007.md; browser failure and bundled/system diagnostic receipts in evidence/20261007","OPEN_NATIVE_REPRO"
"S30","False resource truth","Hardware observations","Canonical hardware sample to workstation projection","Cached response relabeled fresh; unknown VRAM shown fully used; hung request freezes freshness","Existing hardware owner/cache and strict hardware contract","CPU/commit/disk/GPU utilization unavailable; idle product pressure budget unqualified","Hardware / Platform / Workstation UI","Preserve owner observation time and known/unknown measurement; no request overlap or late disposed paint","Existing SystemTelemetry rehosted; detectedAt/freeVramKnown; visible STALE/UNAVAILABLE; hidden polling suppressed; pending request age advances","Missing/impossible VRAM has no usage bar; cached age and unresolved refresh become STALE; late response after dispose cannot repaint","27 focused resource tests and real Windows Resource Monitor journey; final wider receipts in evidence/20261007","PARTIAL_HARDWARE_SNAPSHOT"

"S31","Missing or altered Cipher effect lineage","Cipher Laptop / Authority","Canonical intent to governed effect","Status/append race; changed principal/intent; missing prepare or durable receipt","Exact real Authority plus required canonical audit","No signing/witnessing or global effect correlation; control/stop lineage coverage incomplete","Platform / Authority / Cipher / Evidence","Durable immutable request-to-effect lineage; atomic hold; no blind replay; distinct observed failure","Shared canonical recorder; atomic pre-effect gate; immutable identity; live UNKNOWN hold; persistent mismatch LOCKDOWN","Pause consumed status then raise hold; alter prepared identity; disk loss before/after real effect; no unauthorized executor","cf7d48c; 40 review/core and 133 production-focused tests; raw RED/GREEN receipts","PARTIAL_GOVERNED_MUTATION_LINEAGE"
"S32","Incomplete deterministic containment","Lockdown / pending permits","Integrity owner to running service owners","Cipher clears state or already-approved operation executes after serious mismatch","Trusted root revokePending and exact Authority","Running process/network/credential/modality aggregate stop proof absent","Authority Supervisor / Process / Credentials / Platform","Deterministic freeze/revoke plus per-owner observed outcomes; preserve operator files/evidence","Critical local integrity persists LOCKDOWN and revokes pending permits; reads/revoke controls survive","Tamper live ledger; approved pending permit revoked; new file effect refused; read survives; restart cannot remove only lock","Real HTTP tamper/preserved-byte and pending-revocation tests; whole containment not asserted","PARTIAL_PENDING_PERMIT_CONTAINMENT"
"S33","Unapproved memory or impossible removal","Operator Notebook","Operator approval to durable working records","Forged/wrong-route permit; inferred approval; stale correction; tombstone exhaustion","Canonical Authority execution handle and atomic JSON owner","Context leases, signing, auto expiry deletion, archival, backup/forensic erasure absent","Resident Records / Context Control / Authority / Storage","Explicit provenance/approval; exact owner permit; revision correction/removal; no authority from observation","Operator-only routes; no SESSION persistence/DO_NOT_RETAIN save; reserve historical identity slots; content-free tombstone","Worker/forged/wrong-route denied; stored approval invalid; stale revision; full historical budget refuses new content; real removal clears current payload","Notebook owner and HTTP tests; Windows Notebook journey; inactive model-context retrieval","PARTIAL_OPERATOR_RECORDS"
"S34","Shared resource mistaken for shared authority","Resident capability seat / policy / Pack","Seat/channel/preferences to canonical capabilities","UI-only automation; self-grant; visibility/install/signature declaration promoted to permission","Existing enrolled ActorHandles and one canonical route/Authority dispatcher","Live Resident enrollment, remote channel auth, context lease, broad app/extension isolation unqualified","Platform / Resident / Authority / Context Control / Connections","Same capability implementation; separate pre-enrolled principals; visibility/preferences never permits","Trusted non-stream prepare/invoke port; strict typed intent; independent policy/persona/voice; Pack preview-only","Forged/revoked principal, changed body, wider scope and Authority control denied; Pack scripts/grants refused; policy cannot self-grant","Actual operator/service file effects with distinct lineage; Pack/policy 14 tests; remote activation remains gated","PARTIAL_ENROLLED_PRINCIPAL_SEAM"

"S35","Private Laptop bypass through generic files","Workspace / search / agent file adapters","Project file capability to private owner records","Delegated read or approved generic write reaches Notebook; aliases disclose content","Canonical Notebook owner retains exact operator-only Authority","OS/terminal isolation, other adapters and installation-wide storage not qualified","Workspace / Agent Tools / Resident Records / Security","Reject direct and resolved private paths; search uses canonical containment; preserve legitimate project operations","Shared private-state path guard; realpath file/patch checks; search/search-replace read through WorkspaceService; agent tool guard","Delegated read denied; generic write refused and bytes unchanged; Windows junction/file link cannot disclose through file/search/agent","Observed direct and alias RED; 26 focused Windows route regressions GREEN; no OS sandbox claim","PARTIAL_FILE_CAPABILITY_BOUNDARY"

"S36","Contradictory effect outcome references","Cipher durable lineage","Canonical Authority recorder to ledger append/replay","Outcome attributes another effect generation or Authority/Admission decision","Exact action lifecycle and durable unsigned chain","Signatures/witnesses and uncovered effect owners remain open","Cipher Ledger / Authority / Admission","Supplied non-null outcome references must match actual attempt; preserve legacy missing references","cf6eaf01334bf761a164569e776d9f3e4c315acb validates append and replay; recorder observes actual known Authority reference","13 reproduced mismatch negatives; historical omitted/null references preserved; ES2022 compatibility repaired","20261007-project-addressing/correlation-red.log and correlation-green-es2022.log; 44/44","PARTIAL_EFFECT_REFERENCE_CORRELATION"
"S37","Ambient or mutable project scope","Project identity / governed Cipher effects","Canonical registry to foreground services and shared capability principal","Path/window identity retargets work; lost owner records silently re-enroll; stale scope consumes permit","Exact Authority permits and root-bound services","Task/terminal/context/evidence/model role adapters and activated switching unproved","Projects / Authority / Cipher Records / Task / Context Control / Terminal","Durable project and checkout IDs; immutable binding; owner revalidation; explicit recovery before activation","80f0cf116a8df618ad66428bdbaa6714a52cb0e0 adds owner catalog/seat and action project/checkout addressing","Foreign/incomplete address; corruption before consume; catalog loss across restart; no reconstruction; old principals invalid","20261007-project-addressing/project-final-focused.log 85/85; project-routes-private-green.log 17/17 overlapping","PARTIAL_CONFIGURED_FOREGROUND_ADDRESSING"
"S38","Private project record alias bypass","Canonical project catalog / enrollment marker","Generic file capability to owner records","Windows alternate stream or normalized alias discloses/mutates registry records","Shared private path guard and canonical file adapters","OS/terminal access and full same-owner rewrite detection not isolated","Workspace / Project Registry / Security","Reject direct and resolved private records including Windows path aliases; no trust upgrade","80f0cf116a8df618ad66428bdbaa6714a52cb0e0 protects catalog directory and enrollment marker; Windows ADS normalization","Default ADS bypass reproduced RED; static aliases and real paired file reads refused; owner bytes preserved","20261007-project-addressing/project-private-state-red.log and project-routes-private-green.log","PARTIAL_FILE_CAPABILITY_BOUNDARY"
